,zor_sec,tembil,meslek,tas
zor_sec,0.2604567844824047,0.15383071775232823,0.4572294651684247,0.12848303259684232
tembil,0.238121987476806,0.12692264435527356,0.5038930870725579,0.13106228109536255
meslek,0.25926500695377963,0.1234739871548906,0.4854914655441093,0.13176954034722044
tas,0.260300685340044,0.12057781139371426,0.4897073291458543,0.12941417412038742
